question,provider,answer,references
"hola, quisiera saber cuales son los procesos de admision especial para entrar a la universidad de la frontera",chatgpt,"Existen varios Sistemas de Admisión Especial en la Universidad de La Frontera. A continuación, sintetizo los procesos, requisitos y criterios de selección que se desprenden de los fragmentos del Reglamento de Admisión.

Qué abarca la Admisión Especial (visión general)
- La universidad contempla sistemas de Admisión Especial para diferentes situaciones (por ejemplo, para personas con estudios de nivel superior, para traslado entre instituciones, para carreras técnicas, y otras vías como la participación en programas de Vinculación Temprana) [Reglamento de Admisión, p2]. También hay menciones específicas a admisiones por desempeño destacado en deporte o artes [Reglamento de Admisión, p5].
- En todos los casos, existen procesos de postulación y resolución (se emite una Resolución Exenta con la nómina de postulantes en orden de lista de selección y la categoría de seleccionado o en espera) [Reglamento de Admisión, p8].

1) Admisión Especial para personas con estudios de nivel superior (Graduados o Titulados) y traslado
- Qué es: Sistema de Admisión Especial para personas con estudios de Nivel Superior, que contempla subcategorías como Graduados o titulados y también traslado de carrera entre Instituciones de Educación Superior [Reglamento de Admisión, p2].
- Requisitos generales (aplicables a esta vía, según el reglamento): 
  a) Poseer Nacionalidad Chilena o extranjeros que cumplen los requisitos legales para educación superior; 
  b) Haber egresado de un establecimiento de la Región de La Araucanía; 
  c) Haber rendido la Prueba de Acceso a Educación Superior (PSU) o tener prueba vigente; 
  d) Haber postulado a la carrera en las tres primeras preferencias en el Sistema de Admisión Regular; 
  e) Haber participado en un Programa de Vinculación Temprana desarrollado por la Universidad de La Frontera; 
  f) Haber formalizado su postulación a través de la plataforma de la Universidad y adjuntar todos los documentos solicitados, en las fechas del Calendario de Admisión Especial; además, cada Facultad puede requerir requisitos adicionales mediante Resolución de Facultad. Estas condiciones están descritas en el reglamento para esta vía [Reglamento de Admisión, p6].
- Nota sobre requisitos adicionales: Las Facultades pueden exigir requisitos propios, declarados mediante Resolución de Facultad antes de la convocatoria anual [Reglamento de Admisión, p6].
- Observación relativa a derechos económicos: El artículo 37º señala que el estudiante que se matricule ocupando una vacante de este sistema para personas con título profesional o grado académico no tendrá derecho a las ayudas económicas que ofrece la Universidad para estudiantes ingresados por Admisión Regular [Reglamento de Admisión, p7].

2) Admisión Especial a las carreras Regulares de Pregrado (con subcategorías)
- Qué es: Sistema de Admisión Especial diseñado para ingresar a las carreras regulares de pregrado, con varias vías posibles (las subcategorías 3.a–3.f cubren distintos perfiles).
- Subcategorías que abarca:
  3.a Estudios en el extranjero equivalentes a la enseñanza media chilena;
  3.b Experiencia laboral acreditada;
  3.c Situación de discapacidad;
  3.d Mi Carrera, mi futuro;
  3.e Convenios suscritos por la Universidad de La Frontera con organismos públicos o privados;
  3.f Egresados de Establecimientos Educacionales Técnico Profesional.
  Estas claves configuran las distintas vías dentro de la Admisión Especial a las carreras de Pregrado (las diferentes letras apuntan a estas categorías dentro del reglamento) [Reglamento de Admisión, p7].
- Derechos y deberes: Las y los postulantes matriculados por esta vía están afectos a los mismos deberes y derechos de los estudiantes ingresados por el Sistema de Admisión Regular, es decir, comparten el marco de derechos/Debes de la institución [Reglamento de Admisión, p7].
- Observación sobre ayudas económicas: En el caso de la vía de graduados/titulados mencionada, existe la restricción de no tener derecho a ciertas ayudas económicas si la matrícula es vía Admisión Especial, como se señaló en el punto anterior (Artículo 37) [Reglamento de Admisión, p7].

3) Admisión Especial para Carreras Técnicas
- Qué es: Sistema de Admisión Especial específico para las carreras técnicas (apunta a un tratamiento distinto dentro del marco regulatorio) [Reglamento de Admisión, p2].
- Notas relevantes: El reglamento introduce esta vía y la sitúa entre los sistemas de admisión especial disponibles, junto con las demás vías descritas [Reglamento de Admisión, p2].

4) Participación en Programas de Vinculación Temprana
- Qué es: Una vía de Admisión Especial que contempla la participación en Programas de Vinculación Temprana (elige a postulantes que hayan participado en dichos programas) [Reglamento de Admisión, p2].
- Proceso y requisitos: El reglamento establece este canal como parte de las vías de Admisión Especial; en la vía de nivel superior también se solicita haber participado en un Programa de Vinculación Temprana entre los requisitos (ver punto 2) [Reglamento de Admisión, p2; Regla detallada en p6].

Notas importantes sobre el proceso y la resolución
- Proceso de postulación y resolución: Para las vías descritas, se emite una Resolución Exenta que debe incluir la nómina de postulantes en orden de lista de selección y la categoría (seleccionado o en espera) [Reglamento de Admisión, p8].
- Derechos y deberes: En la Admisión Especial a las carreras de Pregrado para personas con estudios de nivel superior, los postulantes matriculados por esta vía están sujetos a los mismos deberes y derechos que los ingresados por Admisión Regular (Artículo 36º) [Reglamento de Admisión, p7].
- Derechos a ayudas económicas: En las vías de Admisión Especial para personas con estudios de nivel superior o por traslado, puede haber limitaciones respecto a ayudas económicas. En particular, el Artículo 37º señala que el estudiante matriculado por Admisión Especial para personas con título profesional o grado académico no tendrá derecho a ciertas ayudas económicas, y el Artículo 42º regula lo mismo para la vía de traslado respecto a las ayudas ofrecidas por Admisión Regular (no recibir esas ayudas) [Reglamento de Admisión, p7; Reglamento de Admisión, p8].

Si quieres, puedo convertir esto en una lista más compacta por cada ruta (con pasos de proceso y requisitos clave) o enfocarlo en un caso concreto (por ejemplo, “cuáles son los requisitos para Graduados que deseen ingresar por Admisión Especial” o “qué aplica para Admisión Técnica”). ¿Qué prefieres?","['Reglamento de Admisión, p2', 'Reglamento de Admisión, p5', 'Reglamento de Admisión, p8', 'Reglamento de Admisión, p6', 'Reglamento de Admisión, p7', 'Reglamento de Admisión, p2; Regla detallada en p6', 'Reglamento de Admisión, p7; Reglamento de Admisión, p8']"
"hola, quisiera saber cuales son los procesos de admision especial para entrar a la universidad de la frontera",deepseek,"Hola. Según la información disponible, la Universidad de La Frontera (UFRO) cuenta con varios sistemas de admisión especial. Te detallo los procesos identificados en las fuentes:

**1. Sistema de Admisión Especial Ascendencia Indígena:**
- Requisitos: Poseer nacionalidad chilena [Reglamento de Admisión, p3], tener la calidad de indígena debidamente acreditada [Reglamento de Admisión, p3], ser egresado de la promoción del año o promoción anterior de la Enseñanza Media [Reglamento de Admisión, p3], y haber postulado a la carrera en las tres primeras preferencias en el Sistema de Admisión Regular [Reglamento de Admisión, p3].

**2. Sistema de Admisión Especial para Personas con Estudios de Nivel Superior por Traslado de Institución de Educación Superior:**
- Está dirigido a estudiantes de una carrera de pregrado de una Institución de Educación Superior nacional o extranjera que deseen ingresar a la misma carrera u otra equivalente en la UFRO [Reglamento de Admisión, p8].
- El proceso de postulación y selección está centralizado en la Dirección de Registro Académico Estudiantil, unidad de Admisión y Matrícula [Reglamento de Admisión, p8].
- Es importante destacar que el estudiante que se matricule por esta vía ""no tendrá derecho a demandar las ayudas económicas que la Universidad de La Frontera ofrece al estudiante matriculado por el Sistema de Admisión Regular"" [Reglamento de Admisión, p8].

**3. Sistema de Admisión Especial por Desempeño Destacado Bachillerato Internacional-IB:**
- Requisitos: Obtener un puntaje ponderado igual o mayor al 80% del último seleccionado en la carrera en el proceso de Admisión Regular [Reglamento de Admisión, p5], acreditar promedio de notas de enseñanza media mayor o igual a 5.8 [Reglamento de Admisión, p5], haber egresado de un establecimiento de la Asociación Chilena de Bachillerato Internacional [Reglamento de Admisión, p5], y haber aprobado el Programa del Diploma de Bachillerato Internacional con 24 puntos mínimos [Reglamento de Admisión, p5].

**Requisitos Generales y Formales:**
Para todos los procesos, es necesario formalizar la postulación a través de la plataforma establecida por la Universidad y adjuntar todos los documentos solicitados dentro de las fechas establecidas en el Calendario de Admisión Especial [Reglamento de Admisión, p6]. Además, cada Facultad puede solicitar requisitos adicionales mediante Resolución de Facultad [Reglamento de Admisión, p6].

Te recomiendo contactar directamente a la universidad para obtener información más detallada y actualizada sobre cada proceso, calendarios y documentación específica requerida.","['Reglamento de Admisión, p3', 'Reglamento de Admisión, p8', 'Reglamento de Admisión, p5', 'Reglamento de Admisión, p6']"
"hola, quisiera saber cuales son los procesos de admision especial para entrar a la universidad de la frontera",deepseek,"Hola. Según la información disponible, la Universidad de La Frontera cuenta con varios sistemas de admisión especial. Te los detallo a continuación:

**Sistemas de Admisión Especial:**

1. **Sistema de Admisión Especial para personas con estudios de Nivel Superior:**
   - Graduados o titulados de pregrado [Reglamento de Admisión, p2]
   - Traslado de carrera de una Institución de Educación Superior [Reglamento de Admisión, p2]

2. **Sistema de Admisión Especial a las carreras Regulares de Pregrado:**
   - Estudios en el Extranjero Equivalentes a la Enseñanza Media Chilena [Reglamento de Admisión, p2]
   - Experiencia Laboral Acreditada [Reglamento de Admisión, p2]
   - Situación de Discapacidad [Reglamento de Admisión, p2]
   - Mi Carrera, mi futuro [Reglamento de Admisión, p2]
   - Convenios suscritos por la Universidad con organismos públicos o privados [Reglamento de Admisión, p2]
   - Egresados de Establecimientos Educacionales Técnico Profesional [Reglamento de Admisión, p2]

3. **Sistema de Admisión Especial para Carreras Técnicas** [Reglamento de Admisión, p2]

**Requisitos específicos para algunos sistemas:**

- **Egresados de Establecimientos Técnico Profesional:** Deben haber egresado en los últimos tres años de establecimientos de la macro zona sur de Chile [Reglamento de Admisión, p11]

- **Convenios:** Los convenios deben establecer los requisitos de postulación, selección y financiamiento [Reglamento de Admisión, p11]

- **Programa ""Mi Carrera, mi futuro"":** Requiere haber egresado de un establecimiento de la Región de La Araucanía, haber rendido la Prueba de Acceso, haber postulado en las tres primeras preferencias y haber participado en un Programa de Vinculación Temprana de la universidad [Reglamento de Admisión, p6]

Te recomiendo contactar directamente con la Dirección de Registro Académico Estudiantil de la universidad para obtener información más detallada sobre los requisitos específicos de cada sistema y las fechas de postulación.","['Reglamento de Admisión, p2', 'Reglamento de Admisión, p11', 'Reglamento de Admisión, p6']"
"hola, quisiera saber cuales son los procesos de admision especial para entrar a la universidad de la frontera",deepseek,"Hola. Según el Reglamento de Admisión de la Universidad de La Frontera (UFRO), existen varios sistemas de admisión especial. Te los detallo a continuación:

**1. Sistema de Admisión Especial para personas con estudios de Nivel Superior:**
   * **Graduados o titulados de pregrado:** Los estudiantes que se matriculen por esta vía no tendrán derecho a demandar las ayudas económicas que la universidad ofrece a los estudiantes del Sistema de Admisión Regular [Reglamento de Admisión, p7].
   * **Traslado de carrera de una Institución de Educación Superior:** Al igual que el anterior, los estudiantes que ingresen por traslado tampoco tendrán derecho a las ayudas económicas para estudiantes regulares [Reglamento de Admisión, p8].

**2. Sistema de Admisión Especial a las carreras Regulares de Pregrado:** Este incluye varias vías:
   * Estudios en el Extranjero Equivalentes a la Enseñanza Media Chilena.
   * Experiencia Laboral Acreditada.
   * Situación de Discapacidad.
   * ""Mi Carrera, mi futuro"".
   * **Convenios suscritos por la Universidad con organismos públicos o privados:** Estos convenios deben establecer los requisitos de postulación, selección y financiamiento [Reglamento de Admisión, p11].
   * **Egresados de Establecimientos Educacionales Técnico Profesional:** Pueden postular personas egresadas en los últimos tres años de establecimientos técnico-profesionales de la macro zona sur de Chile [Reglamento de Admisión, p11].

**3. Sistema de Admisión Especial para Carreras Técnicas** [Reglamento de Admisión, p2].

Además, existe la posibilidad de solicitudes extraordinarias de Admisión Especial no contempladas en el reglamento, las cuales son resueltas por el Vicerrector de Pregrado [Reglamento de Admisión, p11].","['Reglamento de Admisión, p7', 'Reglamento de Admisión, p8', 'Reglamento de Admisión, p11', 'Reglamento de Admisión, p2']"
"hola, quisiera saber cuales son los procedimientos institucionales de la ufro",chatgpt,"A continuación se identifican los procedimientos institucionales oficiales de la UFRO para estudiantes y personal académico, conforme a los fragmentos proporcionados.

1) Protocolo de Planificación de la Universidad de La Frontera (procedimiento institucional de planificación)
- La planificación es la herramienta clave de gestión y está presente en todos los niveles de toma de decisiones; las unidades deben formular sus planes alineados con el Plan Estratégico de Desarrollo Institucional. [Protocolo de Planificación UFRO, p2]
- La UFRO promueve una cultura de gestión basada en la planificación estratégica y la rendición de cuentas, con avances significativos usando el Protocolo de Planificación UFRO (documento aprobado por Resolución Exenta Nº2755, 2018). [Protocolo de Planificación UFRO, p1]
- Los procesos de planificación se realizan a través de procesos públicos y participativos, con la característica de planificación integrada: integración de compromisos institucionales y de las distintas unidades en el Plan Estratégico de Desarrollo, mediante instrumentos de gestión como planes de mejoramiento, recomendaciones de agencias acreditadoras, políticas y proyectos institucionales. [Protocolo de Planificación UFRO, p2]
- La planificación se coordina por la Dirección de Análisis y Desarrollo Institucional, unidad a cargo de la coordinación de la planificación. [Protocolo de Planificación UFRO, p1]
- En términos operativos, la UFRO definió la planificación en tres etapas principales: 1) diagnóstico de la situación actual en materia de planificación; 2) diseño de un nuevo esquema de planificación; 3) actualización de documentación guía y herramientas informáticas de apoyo a los procesos de planificación. [Aprueba Protocolo de Planificación de la Universidad de La Frontera., p1]

2) Reglamentos de Admisión (procedimiento institucional para estudiantes)
- Calendario de Admisión Especial: la Unidad de Admisión y Matrícula de la Dirección de Registro Académico Estudiantil es responsable de definir y comunicar oportunamente el Calendario Admisión Especial. [Reglamento de Admisión, p3]
- Condiciones de Admisión Especial en idioma: toda persona que postule por estas vías sabe que los planes y programas de estudio se imparten sólo en idioma castellano. [Reglamento de Admisión, p3]
- Soluciones extraordinarias de Admisión Especial a las Carreras Regulares: serán resueltas por el Vicerrector Pregrado, considerando la solicitud e informe de la Dirección de Registro Académico Estudiantil. [Reglamento de Admisión, p11]
- Sistema de Admisión Especial para egresados: está previsto para ocupar vacantes ofrecidas a egresados de Establecimientos Educacionales Técnico Profesional de la macro zona sur de Chile. [Reglamento de Admisión, p11]

Notas:
- Las referencias anteriores provienen de los documentos oficiales aportados (Protocolo de Planificación UFRO y Reglamento de Admisión). Si necesitas, puedo parafrasear o comparar los elementos entre estos marcos para un resumen ejecutivo.","['Protocolo de Planificación UFRO, p2', 'Protocolo de Planificación UFRO, p1', 'Aprueba Protocolo de Planificación de la Universidad de La Frontera., p1', 'Reglamento de Admisión, p3', 'Reglamento de Admisión, p11']"
"hola, quisiera saber cuales son los procesos de admision especial para entrar a la universidad de la frontera",deepseek,"Hola. Según el Reglamento de Admisión de la Universidad de La Frontera, existen varios sistemas de admisión especial que puedes considerar:

**1. Sistema de Admisión Especial para personas con estudios de Nivel Superior:**
   - **Para Graduados o Titulados:** Dirigido a personas con título profesional o grado académico de pregrado. Quienes ingresen por esta vía no tendrán derecho a las ayudas económicas que la universidad ofrece a los estudiantes del Sistema de Admisión Regular [Reglamento de Admisión, p7].
   - **Por Traslado de Institución de Educación Superior:** Para estudiantes de una carrera de pregrado en otra institución (nacional o extranjera) que deseen ingresar a la misma carrera u otra equivalente en la misma área del conocimiento en la UFRO. Tampoco tendrán derecho a las ayudas económicas regulares [Reglamento de Admisión, p8]. El proceso de postulación y selección está centralizado en la Dirección de Registro Académico Estudiantil [Reglamento de Admisión, p8].

**2. Sistema de Admisión Especial a las Carreras Regulares de Pregrado:** Incluye varias categorías [Reglamento de Admisión, p2]:
   - Estudios en el Extranjero Equivalentes a la Enseñanza Media Chilena.
   - Experiencia Laboral Acreditada.
   - Situación de Discapacidad.
   - ""Mi Carrera, mi futuro"".
   - **Convenios suscritos por la Universidad:** Los requisitos de postulación, selección y financiamiento deben estar establecidos en el convenio respectivo [Reglamento de Admisión, p11].
   - **Egresados de Establecimientos Educacionales Técnico Profesional:** Para personas egresadas en los últimos tres años de establecimientos TP de la macro zona sur de Chile [Reglamento de Admisión, p11].

**3. Sistema de Admisión Especial para Carreras Técnicas** [Reglamento de Admisión, p2].

Además, el reglamento establece que las solicitudes extraordinarias de admisión especial no contempladas en él serán resueltas por el Vicerrector de Pregrado, considerando la solicitud e informe de la Dirección de Registro Académico Estudiantil [Reglamento de Admisión, p11].

Te recomiendo contactar directamente con la Dirección de Registro Académico Estudiantil de la universidad para obtener información detallada sobre los requisitos y procedimientos específicos de cada modalidad, ya que los fragmentos disponibles proporcionan principalmente una descripción general de los sistemas existentes.","['Reglamento de Admisión, p7', 'Reglamento de Admisión, p8', 'Reglamento de Admisión, p2', 'Reglamento de Admisión, p11']"
"hola, quisiera saber cuales son los procesos de admision especial para entrar a la universidad de la frontera",chatgpt,"A continuación se detallan los procesos de Admisión Especial que contempla la Universidad de La Frontera (UFRO), según su Reglamento de Admisión y normativa relacionada.

1) Admisión Especial general (para vacantes no contempladas en el sistema regular)
- Requisitos (reglamento): 
  a) Nacionalidad chilena o extranjero que cumpla requisitos para educación superior; 
  b) Haber egresado de un Establecimiento Educacional de la Región de La Araucanía; 
  c) Haber rendido la Prueba de Acceso a la Educación Superior (o tener Prueba vigente); 
  d) Haber postulado a la carrera en las tres primeras preferencias en el Sistema de Admisión Regular; 
  e) Haber participado de un Programa de Vinculación Temprana desarrollado por la UFRO; 
  f) Haber formalizado la postulación a través de la plataforma de la UFRO y adjuntar todos los documentos solicitados, en las fechas del Calendario de Admisión Especial; y, además, cada Facultad puede solicitar requisitos adicionales mediante Resolución de Facultad emitida antes de la convocatoria anual. [Reglamento de Admisión, p6]
- Procedimiento y alcance:
  - Las solicitudes extraordinarias de Admisión Especial a carreras regulares no contempladas en el reglamento serán resueltas por el Vicerrector de Pregrado, considerando la solicitud e informe de la Dirección de Registro Académico Estudiantil. [Reglamento de Admisión, p11]

2) Admisión Especial para Egresados de Establecimientos Educacionales Técnico Profesional
- Alcance: está previsto específicamente para egresados en los últimos tres años de establecimientos educacionales Técnico Profesional de la macro zona sur de Chile. Se considera postulante para ocupar una vacante ofrecida por el Sistema de Admisión Especial para este grupo. [Reglamento de Admisión, p11]
- Fuente de referencia: Artículo 61° del Reglamento de Admisión. [Reglamento de Admisión, p11]

3) Admisión Especial por Traslado de Institución de Educación Superior
- En qué consiste: admisión especial para quien es estudiante de una carrera de pregrado en otra institución y desea trasladarse a la misma carrera u otra equivalente en UFRO (traslado entre IES).
- Proceso y centralización: el proceso de postulación y selección está centralizado en la Dirección de Registro Académico Estudiantil, unidad de Admisión y Matrícula. [Reglamento de Admisión, p8]
- Consideraciones económicas: no tendrá derecho a demandar las ayudas económicas que UFRO ofrece al estudiantado matriculado por el Sistema de Admisión Regular. [Reglamento de Admisión, p8]

Notas y contexto adicional
- La UFRO también mantiene una Política de Inclusión que busca resguardar la igualdad de posibilidades y señala la necesidad de formación en inclusión y de accesibilidad universal en infraestructura y actividades de la institución. Esto sitúa a la admisión especial dentro de un marco de interés por la inclusión (contexto institucional). [Aprueba Política de Inclusión de la Universidad de La Frontera., p4]

Si quieres, puedo convertir esto en un esquema paso a paso para cada vía (general, egresados TP, traslado) con fechas clave y documentos típicos requeridos, siempre citando exactamente los apartados correspondientes. [Reglamento de Admisión, p6–p8, p11]","['Reglamento de Admisión, p6', 'Reglamento de Admisión, p11', 'Reglamento de Admisión, p8', 'Aprueba Política de Inclusión de la Universidad de La Frontera., p4', 'Reglamento de Admisión, p6–p8, p11']"
